label,x0,y0,z0,x1,y1,z1,x2,y2,z2,x3,y3,z3,x4,y4,z4,x5,y5,z5,x6,y6,z6,x7,y7,z7,x8,y8,z8,x9,y9,z9,x10,y10,z10,x11,y11,z11,x12,y12,z12,x13,y13,z13,x14,y14,z14,x15,y15,z15,x16,y16,z16,x17,y17,z17,x18,y18,z18,x19,y19,z19,x20,y20,z20
A,0.2794191539287567,0.19995233416557312,7.691367045481456e-07,0.3668529987335205,0.253554105758667,-0.01631511002779007,0.44675230979919434,0.33169662952423096,-0.03737296164035797,0.5101227760314941,0.3705328702926636,-0.05674782767891884,0.5759187340736389,0.3778216540813446,-0.07584574818611145,0.44488489627838135,0.3073519170284271,-0.07241926342248917,0.4638594090938568,0.4354889392852783,-0.10646113753318787,0.48438528180122375,0.5027467012405396,-0.1276204138994217,0.501704752445221,0.5622029304504395,-0.14478206634521484,0.39958086609840393,0.28544479608535767,-0.08443588763475418,0.36260759830474854,0.44938716292381287,-0.12530368566513062,0.3323783576488495,0.5257626175880432,-0.13791990280151367,0.3107205331325531,0.583152174949646,-0.1496199518442154,0.3406892418861389,0.2717318534851074,-0.09387475252151489,0.30771201848983765,0.4222044348716736,-0.12132125347852707,0.3026498556137085,0.41422709822654724,-0.10936466604471207,0.3031685948371887,0.385270357131958,-0.10416495054960251,0.2831987142562866,0.2587703764438629,-0.1052551418542862,0.2633952498435974,0.38357967138290405,-0.12274765968322754,0.26607558131217957,0.38546425104141235,-0.11313929408788681,0.2695320248603821,0.3638395667076111,-0.10769832134246826
A,0.2371203899383545,0.3537091910839081,9.03228169590875e-07,0.2334977686405182,0.41401243209838867,-0.03081688843667507,0.2553390860557556,0.47026559710502625,-0.05101165175437927,0.29523468017578125,0.4554430842399597,-0.06969965994358063,0.33498209714889526,0.42307332158088684,-0.08841517567634583,0.33910611271858215,0.5058904886245728,-0.04143360257148743,0.35716763138771057,0.5934624075889587,-0.07532835751771927,0.36539024114608765,0.6521955728530884,-0.09827303141355515,0.3760416805744171,0.7050827741622925,-0.11193283647298813,0.37326034903526306,0.462435781955719,-0.04654780775308609,0.43485045433044434,0.5427788496017456,-0.07749520242214203,0.470134973526001,0.5926131010055542,-0.095402792096138,0.5040359497070312,0.6343292593955994,-0.10472256690263748,0.3841373324394226,0.4058747887611389,-0.05402684584259987,0.4396423101425171,0.4198666214942932,-0.10259918868541718,0.3943452835083008,0.40970703959465027,-0.11299771070480347,0.35468974709510803,0.4033386707305908,-0.108973428606987,0.37422072887420654,0.3452584445476532,-0.06265894323587418,0.3735578954219818,0.34640955924987793,-0.11052381992340088,0.3232392966747284,0.3482506275177002,-0.11705518513917923,0.2837683856487274,0.35219085216522217,-0.11187814921140671
A,0.3142586946487427,0.2881692945957184,9.955534778782749e-07,0.38080301880836487,0.3426286578178406,-0.008229696191847324,0.42830976843833923,0.4185211658477783,-0.03059779666364193,0.4380645155906677,0.4892107844352722,-0.054425645619630814,0.4502474069595337,0.534717321395874,-0.07911286503076553,0.4622418284416199,0.35958489775657654,-0.06139617785811424,0.4702078700065613,0.4718821346759796,-0.0956638976931572,0.47781264781951904,0.5442788600921631,-0.1221279427409172,0.4826321005821228,0.6112499237060547,-0.14205282926559448,0.4178474545478821,0.3268395662307739,-0.07884594798088074,0.38755977153778076,0.47713571786880493,-0.1184709444642067,0.37161096930503845,0.5656035542488098,-0.13403458893299103,0.3628625273704529,0.6393916606903076,-0.14666105806827545,0.36301088333129883,0.3122768998146057,-0.09400313347578049,0.3323726952075958,0.45318639278411865,-0.11697415262460709,0.33397597074508667,0.4370238780975342,-0.10371270775794983,0.3407047390937805,0.4046704173088074,-0.09691355377435684,0.30999377369880676,0.3065146207809448,-0.1119961142539978,0.30065566301345825,0.4264533817768097,-0.12387429177761078,0.3099040687084198,0.420174777507782,-0.10960567742586136,0.31807059049606323,0.3911250829696655,-0.10017696768045425
A,0.12987087666988373,0.42056623101234436,1.0773254643936525e-06,0.22331616282463074,0.4322407841682434,-0.0003406860923860222,0.30111274123191833,0.4733809232711792,-0.025740889832377434,0.3393111526966095,0.5334522128105164,-0.054225269705057144,0.36899513006210327,0.5774709582328796,-0.08383991569280624,0.3386918306350708,0.4041687548160553,-0.07185982912778854,0.40475401282310486,0.497556209564209,-0.11196855455636978,0.4496529698371887,0.5506007671356201,-0.13887670636177063,0.48641669750213623,0.5978104472160339,-0.1592295616865158,0.2904062569141388,0.40410834550857544,-0.09643454104661942,0.33180558681488037,0.5559151768684387,-0.14285780489444733,0.35780978202819824,0.6529702544212341,-0.1593770980834961,0.3781736195087433,0.7277354001998901,-0.17272354662418365,0.23249229788780212,0.4229869544506073,-0.11696966737508774,0.2614968419075012,0.5788533687591553,-0.1462344378232956,0.2506054937839508,0.5718352794647217,-0.1323692798614502,0.24042165279388428,0.5378730297088623,-0.1248597726225853,0.17363359034061432,0.4528944194316864,-0.13904646039009094,0.20239411294460297,0.5741259455680847,-0.15613369643688202,0.20690304040908813,0.5761584639549255,-0.14307694137096405,0.2073303759098053,0.5517969727516174,-0.13384515047073364
A,0.2787672281265259,0.2992740869522095,1.2844155889979447e-06,0.36848023533821106,0.3321543335914612,-0.0011866309214383364,0.4376974105834961,0.42050883173942566,-0.029036499559879303,0.46315279603004456,0.5114486217498779,-0.05965689569711685,0.4878436326980591,0.5767722129821777,-0.09193062782287598,0.485011488199234,0.4023418426513672,-0.09014453738927841,0.5295823812484741,0.5458574891090393,-0.1373872309923172,0.558403730392456,0.6323719024658203,-0.16687200963497162,0.5811257362365723,0.7063189744949341,-0.18860971927642822,0.4350583553314209,0.3838224411010742,-0.11708669364452362,0.44877514243125916,0.5736923813819885,-0.16721977293491364,0.45219820737838745,0.6810672283172607,-0.18265573680400848,0.4585511386394501,0.768782377243042,-0.19726403057575226,0.37066373229026794,0.3765304684638977,-0.13916032016277313,0.36652660369873047,0.5553816556930542,-0.17278975248336792,0.35526490211486816,0.5227118134498596,-0.15263164043426514,0.355868935585022,0.472438246011734,-0.14137114584445953,0.30501416325569153,0.37282225489616394,-0.16257509589195251,0.30561894178390503,0.5205438137054443,-0.18456272780895233,0.3036513030529022,0.5065897107124329,-0.16741053760051727,0.3073107600212097,0.4667120575904846,-0.15521487593650818
A,0.2251293808221817,0.34429410099983215,1.0003194574892404e-06,0.3244764506816864,0.36642152070999146,-0.0063774362206459045,0.42305514216423035,0.4034562408924103,-0.025243578478693962,0.4911942481994629,0.41915252804756165,-0.04583555459976196,0.5628175735473633,0.41124024987220764,-0.0674707293510437,0.4555741548538208,0.36271435022354126,-0.060353536158800125,0.4971419870853424,0.4986512064933777,-0.09920621663331985,0.5317170023918152,0.5719483494758606,-0.12425689399242401,0.5624464154243469,0.6342199444770813,-0.14412465691566467,0.40889665484428406,0.35001611709594727,-0.08172446489334106,0.4215337932109833,0.5367029905319214,-0.12955589592456818,0.42298778891563416,0.6553069353103638,-0.1503671556711197,0.42531001567840576,0.7475398778915405,-0.16628116369247437,0.34442365169525146,0.35824087262153625,-0.10038934648036957,0.3414420485496521,0.5313027501106262,-0.13690444827079773,0.3274605870246887,0.5358740091323853,-0.1320161521434784,0.3227432072162628,0.5153716206550598,-0.1299695372581482,0.2777892053127289,0.3774228096008301,-0.12031674385070801,0.27894899249076843,0.5155768990516663,-0.14890550076961517,0.27853119373321533,0.5266982316970825,-0.14646375179290771,0.2824568450450897,0.5110199451446533,-0.1438576579093933
A,0.2836421728134155,0.3927290737628937,1.0382267845443494e-07,0.3530413508415222,0.4664079546928406,-0.0287309717386961,0.42157700657844543,0.5042931437492371,-0.051482342183589935,0.4764906167984009,0.5357545018196106,-0.07315681874752045,0.5328052639961243,0.5625447034835815,-0.09348778426647186,0.477535605430603,0.37921375036239624,-0.04511885344982147,0.46240049600601196,0.46778661012649536,-0.09307930618524551,0.4793407917022705,0.52788907289505,-0.12842586636543274,0.5009562373161316,0.582201361656189,-0.15081271529197693,0.44228503108024597,0.3112984299659729,-0.0532887764275074,0.3814851939678192,0.44976311922073364,-0.11506401747465134,0.3370037376880646,0.5427083969116211,-0.13044315576553345,0.30663013458251953,0.6045467853546143,-0.12869787216186523,0.38629594445228577,0.2691417336463928,-0.06546001136302948,0.32068073749542236,0.4081341624259949,-0.10771156847476959,0.3113407492637634,0.4138312041759491,-0.09585925936698914,0.3181595504283905,0.38867098093032837,-0.07980744540691376,0.3225080072879791,0.2421749383211136,-0.08274675905704498,0.27379775047302246,0.3608732521533966,-0.10817721486091614,0.2700985074043274,0.3860204517841339,-0.09906695783138275,0.27866023778915405,0.37078362703323364,-0.08582483232021332
A,0.23481135070323944,0.37722545862197876,1.8763246600883576e-07,0.31555649638175964,0.44761133193969727,-0.030327027663588524,0.3939690887928009,0.4748721420764923,-0.054523710161447525,0.4528418779373169,0.4904630184173584,-0.07616281509399414,0.5161871314048767,0.5048295259475708,-0.09707394242286682,0.4317743182182312,0.3387036919593811,-0.05729324370622635,0.4133906960487366,0.4490600824356079,-0.10584083199501038,0.4310147762298584,0.5230997800827026,-0.1432202309370041,0.45329561829566956,0.594786524772644,-0.16832995414733887,0.3840726315975189,0.2800195813179016,-0.06609700620174408,0.3231361210346222,0.4700806438922882,-0.1293511688709259,0.28570160269737244,0.5763651132583618,-0.14611515402793884,0.25748807191848755,0.653088390827179,-0.14693595468997955,0.3168385326862335,0.2508957087993622,-0.0779770016670227,0.2627427279949188,0.41669121384620667,-0.12219585478305817,0.26622340083122253,0.41539278626441956,-0.11257822066545486,0.27560746669769287,0.3896326422691345,-0.09947438538074493,0.2429886758327484,0.23915992677211761,-0.09475835412740707,0.20658263564109802,0.37477490305900574,-0.12533392012119293,0.2168917953968048,0.38999143242836,-0.1197279691696167,0.23113593459129333,0.36829662322998047,-0.1090317964553833
A,0.1788061112165451,0.29051652550697327,1.0556905181147158e-06,0.2885713577270508,0.30283865332603455,-0.007190320175141096,0.3940116763114929,0.366233229637146,-0.030037501826882362,0.46574705839157104,0.41194039583206177,-0.051232364028692245,0.5317291021347046,0.4511984586715698,-0.07321204990148544,0.41592511534690857,0.3811401426792145,-0.08628745377063751,0.45276471972465515,0.5498365759849548,-0.12230881303548813,0.48108476400375366,0.6400998830795288,-0.14025168120861053,0.5006349682807922,0.7143428325653076,-0.15334481000900269,0.35751819610595703,0.3755300045013428,-0.10252753645181656,0.36047524213790894,0.5885262489318848,-0.1426994502544403,0.35158270597457886,0.7032905220985413,-0.1549527496099472,0.34172120690345764,0.7859375476837158,-0.1664377599954605,0.2852613031864166,0.38524436950683594,-0.11410488933324814,0.2873283326625824,0.5841472744941711,-0.14440540969371796,0.280026376247406,0.6528671979904175,-0.14025373756885529,0.27445921301841736,0.6835260391235352,-0.1393612027168274,0.21659472584724426,0.3995814919471741,-0.1251772791147232,0.22706007957458496,0.554821252822876,-0.14629840850830078,0.23508715629577637,0.6281324625015259,-0.14316849410533905,0.24121522903442383,0.6766024231910706,-0.14129602909088135
A,0.1513867974281311,0.383394718170166,7.76776573729876e-07,0.25001639127731323,0.36606013774871826,0.004868192598223686,0.3524443507194519,0.37778568267822266,-0.007706268224865198,0.42723649740219116,0.400174081325531,-0.02393883839249611,0.4919760227203369,0.4150460958480835,-0.04006664827466011,0.3980521857738495,0.33342963457107544,-0.04354587569832802,0.4663264751434326,0.4593747854232788,-0.07413490861654282,0.5097474455833435,0.5251917243003845,-0.09247482568025589,0.5473898649215698,0.5766617655754089,-0.10799405723810196,0.3577331006526947,0.33445239067077637,-0.06789831072092056,0.39399293065071106,0.5192492604255676,-0.10922547429800034,0.39484721422195435,0.6248000264167786,-0.12291619926691055,0.39517831802368164,0.6951208114624023,-0.132410928606987,0.30063942074775696,0.3611084818840027,-0.08920861780643463,0.31606632471084595,0.5270599126815796,-0.11611980944871902,0.2984800934791565,0.5243140459060669,-0.10745403170585632,0.28741520643234253,0.49293994903564453,-0.10347048193216324,0.23942220211029053,0.39805248379707336,-0.1115725040435791,0.2540394961833954,0.5349777340888977,-0.128060445189476,0.2473464161157608,0.5411285758018494,-0.12147565931081772,0.2435210645198822,0.5190600752830505,-0.11700509488582611
A,0.13607732951641083,0.4124014377593994,6.838715194135148e-07,0.24315017461776733,0.4219163954257965,0.005297502968460321,0.34057822823524475,0.42144274711608887,-0.009392216801643372,0.4109777808189392,0.42600196599960327,-0.028718862682580948,0.47440558671951294,0.413939893245697,-0.04877062141895294,0.37536582350730896,0.3135627806186676,-0.03969115763902664,0.4482562243938446,0.415469765663147,-0.07477958500385284,0.4964526891708374,0.4756247401237488,-0.09894350916147232,0.5388376116752625,0.5292443037033081,-0.11822067201137543,0.329028844833374,0.304958701133728,-0.06599237024784088,0.37221089005470276,0.48200109601020813,-0.11253952234983444,0.37420231103897095,0.5918682217597961,-0.12891842424869537,0.3781036138534546,0.6662290692329407,-0.13956908881664276,0.2683351933956146,0.32890206575393677,-0.08971015363931656,0.2956920862197876,0.5002663135528564,-0.11952953785657883,0.2739005386829376,0.5053649544715881,-0.10711508244276047,0.2573997974395752,0.4767913222312927,-0.10026589781045914,0.20688602328300476,0.36877453327178955,-0.11493800580501556,0.23637989163398743,0.5018265247344971,-0.13243596255779266,0.23076193034648895,0.5032446384429932,-0.12187737226486206,0.22428853809833527,0.4694167673587799,-0.11410236358642578
A,0.1770840734243393,0.4214116036891937,3.5679551046996494e-07,0.26826953887939453,0.46327731013298035,-0.023938970640301704,0.3428848385810852,0.48097819089889526,-0.05045352876186371,0.39291054010391235,0.508752703666687,-0.0770074799656868,0.4397948384284973,0.5342296957969666,-0.10290267318487167,0.3821481466293335,0.3391140103340149,-0.051229119300842285,0.3929935693740845,0.43191927671432495,-0.10601887851953506,0.42277052998542786,0.4947875738143921,-0.1485235095024109,0.4545225501060486,0.5586567521095276,-0.17657974362373352,0.3326144516468048,0.2950696647167206,-0.06471988558769226,0.3091161847114563,0.4763942062854767,-0.134245827794075,0.28620436787605286,0.5953648090362549,-0.15436264872550964,0.2687467634677887,0.6762269735336304,-0.15551529824733734,0.2666603922843933,0.2849498391151428,-0.08129498362541199,0.23749679327011108,0.465696781873703,-0.12743107974529266,0.23114511370658875,0.4771391451358795,-0.11567709594964981,0.22900599241256714,0.4492354094982147,-0.09941542148590088,0.19610276818275452,0.2927817702293396,-0.10282308608293533,0.17574086785316467,0.4426516890525818,-0.13159456849098206,0.1817106306552887,0.4573223888874054,-0.12353909760713577,0.1909717321395874,0.42665085196495056,-0.1104036346077919
A,0.1827378273010254,0.4665738642215729,4.2162000113421527e-07,0.23887959122657776,0.5262876749038696,-0.03373924270272255,0.2687353789806366,0.5687249302864075,-0.0749434307217598,0.25951722264289856,0.6247662901878357,-0.11460626125335693,0.24273768067359924,0.6631742715835571,-0.1533578783273697,0.37008291482925415,0.4151666760444641,-0.07208593934774399,0.36936038732528687,0.5011004209518433,-0.13473796844482422,0.3923053741455078,0.5698323249816895,-0.17971207201480865,0.417868971824646,0.6371108293533325,-0.2075013816356659,0.3270016014575958,0.3489671051502228,-0.08228661864995956,0.2639588415622711,0.5222954154014587,-0.152926504611969,0.22037436068058014,0.6266890168190002,-0.1668107509613037,0.19231808185577393,0.695543646812439,-0.16263139247894287,0.254980206489563,0.3221707344055176,-0.09680306911468506,0.19041985273361206,0.48541945219039917,-0.14455246925354004,0.19549545645713806,0.488454669713974,-0.13389374315738678,0.21315914392471313,0.4562048017978668,-0.11705952882766724,0.17778316140174866,0.32201066613197327,-0.11626417189836502,0.13520942628383636,0.45693403482437134,-0.1443081498146057,0.1446918249130249,0.47276997566223145,-0.13427817821502686,0.16758863627910614,0.44523385167121887,-0.11934094876050949
A,0.15814055502414703,0.4695327877998352,2.0493625640938262e-07,0.23753945529460907,0.5092624425888062,-0.027879128232598305,0.30392739176750183,0.5266302824020386,-0.06008373945951462,0.34637853503227234,0.5492283701896667,-0.09093234688043594,0.39212214946746826,0.5631095767021179,-0.1190260574221611,0.35982173681259155,0.3717677593231201,-0.06938707828521729,0.3690035343170166,0.48462948203086853,-0.13938716053962708,0.3883509337902069,0.5665414333343506,-0.18898671865463257,0.41052383184432983,0.6408037543296814,-0.21807746589183807,0.3046915829181671,0.32053104043006897,-0.08170443773269653,0.26545122265815735,0.5400364398956299,-0.1611780971288681,0.23676437139511108,0.6621576547622681,-0.1778334230184555,0.22215606272220612,0.7433708906173706,-0.17461641132831573,0.23091264069080353,0.3121720552444458,-0.09821447730064392,0.18923398852348328,0.5165443420410156,-0.15113402903079987,0.18949443101882935,0.5209757089614868,-0.13498364388942719,0.20039531588554382,0.48787200450897217,-0.11453337967395782,0.1547495424747467,0.3273088037967682,-0.1199779286980629,0.12719720602035522,0.49055108428001404,-0.15391194820404053,0.1368502676486969,0.49838289618492126,-0.14428913593292236,0.1550425887107849,0.4601791203022003,-0.12821440398693085
B,0.12850737571716309,0.6113888621330261,4.286320987034742e-08,0.22688373923301697,0.5992376208305359,0.018547140061855316,0.29374897480010986,0.5756991505622864,0.009269756264984608,0.3439394533634186,0.5697897672653198,-0.010288442485034466,0.38022544980049133,0.5477551817893982,-0.028386268764734268,0.2665773034095764,0.38281115889549255,0.008690262213349342,0.35309699177742004,0.37000542879104614,-0.02095530368387699,0.38540077209472656,0.435632586479187,-0.04533470794558525,0.3890697956085205,0.4868324398994446,-0.05795798450708389,0.24601691961288452,0.3776233494281769,-0.018306806683540344,0.35294362902641296,0.37617379426956177,-0.041520413011312485,0.38613641262054443,0.45512527227401733,-0.055883944034576416,0.3826841711997986,0.5106368660926819,-0.06301048398017883,0.23061847686767578,0.40031522512435913,-0.045725926756858826,0.3295583724975586,0.396825909614563,-0.0655672550201416,0.36590367555618286,0.46836742758750916,-0.06541138887405396,0.3682059943675995,0.5231647491455078,-0.06122982129454613,0.21974802017211914,0.44536036252975464,-0.07240967452526093,0.2978082597255707,0.4336461126804352,-0.08469106256961823,0.33655214309692383,0.47350069880485535,-0.07899761199951172,0.351445734500885,0.5135741233825684,-0.07124761492013931
B,0.12360389530658722,0.6143152117729187,2.105302598920389e-08,0.22657254338264465,0.603114664554596,0.021402927115559578,0.2947468161582947,0.5797994136810303,0.013733682222664356,0.3447611331939697,0.5758671760559082,-0.005010324064642191,0.38195157051086426,0.5532634854316711,-0.022455377504229546,0.2662694454193115,0.38326847553253174,0.011928396299481392,0.3530641496181488,0.37314271926879883,-0.017127802595496178,0.38440263271331787,0.43960532546043396,-0.041267503052949905,0.38822412490844727,0.4899839758872986,-0.05407154560089111,0.24583445489406586,0.3779822587966919,-0.01682683825492859,0.3539155423641205,0.3794039189815521,-0.039659325033426285,0.38507628440856934,0.4600822329521179,-0.05416298657655716,0.38082191348075867,0.5148733258247375,-0.06152050569653511,0.2306339144706726,0.4013912081718445,-0.04590330645442009,0.3299356698989868,0.3988521695137024,-0.06577318161725998,0.3652033507823944,0.47174781560897827,-0.06594253331422806,0.3667180836200714,0.5265339016914368,-0.06206553801894188,0.22020691633224487,0.44719743728637695,-0.07407785952091217,0.2988955080509186,0.4362533986568451,-0.08730828016996384,0.3384738266468048,0.47761771082878113,-0.08252763748168945,0.35431745648384094,0.5186357498168945,-0.07539825886487961
B,0.19518142938613892,0.6788601875305176,7.937105550581691e-08,0.2637941241264343,0.6189147233963013,0.003525319742038846,0.31440988183021545,0.545358419418335,-0.0053992727771401405,0.3506214916706085,0.4936268627643585,-0.02320963703095913,0.36515605449676514,0.43114134669303894,-0.038918331265449524,0.2443590611219406,0.41857802867889404,0.013951609842479229,0.2761540412902832,0.3155781030654907,-0.019228076562285423,0.3271271586418152,0.343201220035553,-0.04596065729856491,0.35280346870422363,0.38436654210090637,-0.058328744024038315,0.22052007913589478,0.4197283983230591,-0.005640102084726095,0.2638094425201416,0.30674630403518677,-0.03932508826255798,0.32467031478881836,0.3431898355484009,-0.06317723542451859,0.35083773732185364,0.3949148654937744,-0.07298389822244644,0.2008604109287262,0.4296785593032837,-0.028744135051965714,0.24473606050014496,0.32748883962631226,-0.057811953127384186,0.30851903557777405,0.3557227849960327,-0.06949035078287125,0.34090057015419006,0.40293511748313904,-0.0699722170829773,0.18817880749702454,0.45226454734802246,-0.052390169352293015,0.23296226561069489,0.36922672390937805,-0.07375210523605347,0.2876441478729248,0.37081199884414673,-0.07924620807170868,0.32340946793556213,0.395297110080719,-0.07793428003787994
B,0.1788046956062317,0.6414294242858887,-1.4643447343587468e-07,0.25743749737739563,0.5555933117866516,0.003680161666125059,0.2919912338256836,0.4783697724342346,-0.01075573731213808,0.32609525322914124,0.4274709224700928,-0.031997911632061005,0.36269354820251465,0.3916122019290924,-0.049374811351299286,0.18822726607322693,0.3396265506744385,-0.008263527415692806,0.28884410858154297,0.3056181073188782,-0.04135105758905411,0.3204505741596222,0.3735564649105072,-0.06005815789103508,0.3152475357055664,0.416839599609375,-0.06940814852714539,0.16548679769039154,0.3619667589664459,-0.028424425050616264,0.28362607955932617,0.3294982314109802,-0.058557044714689255,0.3144807815551758,0.40931323170661926,-0.06304089725017548,0.3077958822250366,0.4504435956478119,-0.061618756502866745,0.15750236809253693,0.4038110375404358,-0.05073471739888191,0.27147307991981506,0.38254213333129883,-0.07737355679273605,0.29700395464897156,0.4462357759475708,-0.06883420050144196,0.2858021855354309,0.4825545847415924,-0.05797463282942772,0.16130024194717407,0.4588507115840912,-0.07351720333099365,0.24924391508102417,0.4326673448085785,-0.0877043679356575,0.2862495481967926,0.46207159757614136,-0.07872890681028366,0.29761677980422974,0.4849669635295868,-0.06852414458990097
B,0.18729011714458466,0.5005640983581543,-1.302571916994566e-07,0.27463582158088684,0.5056359171867371,-0.007764187175780535,0.33962833881378174,0.49275124073028564,-0.028948580846190453,0.3868415355682373,0.49492087960243225,-0.05382516607642174,0.42007389664649963,0.4989177882671356,-0.07541162520647049,0.344638854265213,0.2879236042499542,-0.02496105246245861,0.4264131188392639,0.35771825909614563,-0.059465762227773666,0.4103773236274719,0.4330274164676666,-0.0803576335310936,0.38200926780700684,0.4505945146083832,-0.09231029450893402,0.30595606565475464,0.28147274255752563,-0.04062284901738167,0.3908352255821228,0.36949262022972107,-0.06948782503604889,0.37710925936698914,0.44836872816085815,-0.07626684010028839,0.35268476605415344,0.4589051902294159,-0.08003970980644226,0.2653611898422241,0.30350956320762634,-0.0583781860768795,0.34678518772125244,0.37908950448036194,-0.08570902794599533,0.34432509541511536,0.45235052704811096,-0.07928755134344101,0.3251969516277313,0.4674606919288635,-0.07241812348365784,0.2266804277896881,0.3443830609321594,-0.07696136087179184,0.2966844439506531,0.399066686630249,-0.09355266392230988,0.3064151406288147,0.45711711049079895,-0.08479569852352142,0.2979375720024109,0.4803216755390167,-0.07570213824510574
B,0.2884140908718109,0.5197835564613342,-2.388706263900531e-07,0.34927666187286377,0.551500141620636,-0.01504090242087841,0.41225704550743103,0.5575138926506042,-0.036417193710803986,0.4540741443634033,0.5670015811920166,-0.06023905426263809,0.48769012093544006,0.5760281085968018,-0.07991335541009903,0.4724447727203369,0.36282408237457275,-0.01720423437654972,0.5278056263923645,0.44552895426750183,-0.057135362178087234,0.49171358346939087,0.5156568884849548,-0.08304207772016525,0.45800724625587463,0.531370997428894,-0.09633109718561172,0.4380117356777191,0.3306702673435211,-0.028999878093600273,0.49036502838134766,0.43065616488456726,-0.0619940422475338,0.4556887745857239,0.508691132068634,-0.07022116333246231,0.42876997590065,0.521130383014679,-0.0718570128083229,0.3933131694793701,0.3238144814968109,-0.04523281753063202,0.4437046945095062,0.41662511229515076,-0.07652225345373154,0.41865476965904236,0.4892427623271942,-0.06923113763332367,0.3946293592453003,0.5008060932159424,-0.058933403342962265,0.34441643953323364,0.3386288285255432,-0.06317518651485443,0.3921251893043518,0.4113342761993408,-0.07960987836122513,0.3814598321914673,0.4700748920440674,-0.06883171945810318,0.3643873929977417,0.4863761067390442,-0.056655578315258026
B,0.30404478311538696,0.530093252658844,-3.6437907624531363e-07,0.38228243589401245,0.5389481782913208,-0.02090204879641533,0.45119529962539673,0.5094732046127319,-0.03768716752529144,0.4994804859161377,0.4699633717536926,-0.05870649591088295,0.5318099856376648,0.40850698947906494,-0.07574592530727386,0.4904676079750061,0.3757748305797577,-0.00997686292976141,0.550100564956665,0.3241293728351593,-0.048336341977119446,0.5248376131057739,0.3950168490409851,-0.07377604395151138,0.4902380704879761,0.4402095079421997,-0.08351121097803116,0.4579235017299652,0.3444189131259918,-0.01659158244729042,0.5161303281784058,0.29697906970977783,-0.051277581602334976,0.48842528462409973,0.3866578936576843,-0.06611771881580353,0.45308125019073486,0.4382932782173157,-0.06873417645692825,0.4162673354148865,0.3185593783855438,-0.028783641755580902,0.4727126359939575,0.26366108655929565,-0.06146968901157379,0.4580358564853668,0.35642343759536743,-0.059901051223278046,0.42859721183776855,0.4167598783969879,-0.0498952679336071,0.3650755286216736,0.3008034825325012,-0.04308372735977173,0.4162534773349762,0.25163841247558594,-0.06790784746408463,0.42374178767204285,0.320310115814209,-0.0635877400636673,0.4100765287876129,0.3797774016857147,-0.05295906960964203
B,0.30280762910842896,0.5410717725753784,-3.699582293847925e-07,0.3691791594028473,0.5160631537437439,-0.017209669575095177,0.42641404271125793,0.4462384879589081,-0.02787858061492443,0.4468826353549957,0.386689156293869,-0.041751425713300705,0.43327516317367554,0.3281424045562744,-0.05168306455016136,0.4182126522064209,0.2939547002315521,-0.002708400832489133,0.44558483362197876,0.22757381200790405,-0.037105072289705276,0.4324409067630768,0.30057504773139954,-0.06020884960889816,0.4135630130767822,0.34902137517929077,-0.06916364282369614,0.374086856842041,0.28226783871650696,-0.009263381361961365,0.39835208654403687,0.21153226494789124,-0.04240511730313301,0.39113157987594604,0.30244332551956177,-0.05427059158682823,0.3779728412628174,0.3562765121459961,-0.05360247567296028,0.3265090882778168,0.2830103039741516,-0.0207208301872015,0.34852534532546997,0.2074916958808899,-0.051084309816360474,0.3544737994670868,0.29315340518951416,-0.04433093219995499,0.3465632200241089,0.34932029247283936,-0.030516404658555984,0.2750759720802307,0.29634225368499756,-0.03402705863118172,0.295917272567749,0.2306012213230133,-0.05385249853134155,0.312143474817276,0.2889489233493805,-0.043271761387586594,0.31445106863975525,0.34099820256233215,-0.02836751565337181
B,0.28228622674942017,0.508081316947937,-3.737203257969668e-07,0.34564146399497986,0.48839184641838074,-0.021968171000480652,0.4073747992515564,0.41738012433052063,-0.03685872256755829,0.4258100688457489,0.3549751043319702,-0.05224991962313652,0.3900607228279114,0.31355080008506775,-0.06298348307609558,0.38258540630340576,0.2291341871023178,-0.009155713953077793,0.4207320213317871,0.22367554903030396,-0.04376241937279701,0.4116080403327942,0.3055592477321625,-0.06629224866628647,0.3959878981113434,0.33013397455215454,-0.07833488285541534,0.334445983171463,0.21560105681419373,-0.01560761034488678,0.37670671939849854,0.22693926095962524,-0.04453422501683235,0.37147849798202515,0.31717807054519653,-0.052843932062387466,0.35773926973342896,0.332886278629303,-0.05416332930326462,0.28348395228385925,0.2290426790714264,-0.027391033247113228,0.3293338716030121,0.24511519074440002,-0.05775271728634834,0.33687931299209595,0.3271093964576721,-0.05194492265582085,0.32803669571876526,0.3461022973060608,-0.04258997365832329,0.23406481742858887,0.26104536652565,-0.04143887385725975,0.28032347559928894,0.2742246687412262,-0.05954238399863243,0.2991006076335907,0.3339481055736542,-0.05014054477214813,0.3007866442203522,0.354971319437027,-0.038526102900505066
B,0.1732454001903534,0.4840734004974365,-2.2617182082740328e-07,0.2573190927505493,0.4422353506088257,0.009854584001004696,0.31924134492874146,0.3917842507362366,0.001164411660283804,0.37888699769973755,0.36747023463249207,-0.01513811107724905,0.4219209551811218,0.34263190627098083,-0.02598954550921917,0.2698395252227783,0.23037609457969666,0.011278017424046993,0.38323479890823364,0.24267205595970154,-0.010651379823684692,0.3810846209526062,0.3056430518627167,-0.028309155255556107,0.3503011167049408,0.33546897768974304,-0.0380992516875267,0.2684932351112366,0.2356286644935608,-0.00812538806349039,0.3917657136917114,0.2500631809234619,-0.02229996770620346,0.3860962986946106,0.3130051791667938,-0.026848800480365753,0.3537999391555786,0.3372146785259247,-0.029588790610432625,0.27533194422721863,0.2653888463973999,-0.029224861413240433,0.3930393159389496,0.2729719579219818,-0.03927118331193924,0.3868539333343506,0.3345581889152527,-0.029261533170938492,0.3561602830886841,0.3621917963027954,-0.021595465019345284,0.28973937034606934,0.3126688003540039,-0.05096887797117233,0.38556942343711853,0.3158574104309082,-0.05120294541120529,0.3902996778488159,0.3611755669116974,-0.037335630506277084,0.3735896348953247,0.38808301091194153,-0.026957683265209198
C,0.18883326649665833,0.662468433380127,1.8229064835395548e-07,0.26263269782066345,0.656794548034668,0.008526130579411983,0.3194674849510193,0.6323354244232178,0.008417063392698765,0.3609602749347687,0.6176998615264893,-5.2361167035996914e-05,0.39196985960006714,0.5856267213821411,-0.00860016979277134,0.3066495656967163,0.4686819612979889,0.035278018563985825,0.33978134393692017,0.39577239751815796,0.02040361799299717,0.3717202842235565,0.39167430996894836,0.002342491876333952,0.39163559675216675,0.41145870089530945,-0.007371119689196348,0.2896277606487274,0.45141032338142395,0.01663712039589882,0.3271787762641907,0.3607965111732483,-0.00039144401671364903,0.3662914037704468,0.36602017283439636,-0.02079300582408905,0.3849276006221771,0.40365180373191833,-0.031085429713129997,0.2699953317642212,0.4430655539035797,-0.005441248882561922,0.3051135241985321,0.3450968265533447,-0.02019442617893219,0.3496304750442505,0.3494429588317871,-0.03382951393723488,0.376739501953125,0.38460657000541687,-0.03922255337238312,0.2499469518661499,0.44654956459999084,-0.028053991496562958,0.2776961624622345,0.3625851273536682,-0.040471725165843964,0.3165172040462494,0.34589624404907227,-0.046969737857580185,0.34973010420799255,0.3608018159866333,-0.0485011450946331
C,0.14195531606674194,0.645238995552063,2.0634679742670414e-07,0.21426214277744293,0.6239469051361084,0.02102954126894474,0.2662031352519989,0.5775297284126282,0.02396264672279358,0.3078673183917999,0.5530548095703125,0.015592002309858799,0.3426872193813324,0.5239543914794922,0.008227928541600704,0.22921696305274963,0.41726553440093994,0.042790379375219345,0.263154000043869,0.32519787549972534,0.0255193579941988,0.31034255027770996,0.32504263520240784,0.008145187981426716,0.34191885590553284,0.3587912619113922,0.0007510758005082607,0.21454615890979767,0.41091421246528625,0.017607377842068672,0.25144192576408386,0.3012981116771698,0.00048220419557765126,0.30991238355636597,0.3084735870361328,-0.014648658223450184,0.34170931577682495,0.35294580459594727,-0.019739584997296333,0.20504610240459442,0.41347959637641907,-0.010535890236496925,0.24163712561130524,0.29894348978996277,-0.02526923082768917,0.3013366162776947,0.3022891879081726,-0.03318415582180023,0.33677810430526733,0.33971744775772095,-0.03336583822965622,0.20305711030960083,0.4286028742790222,-0.03845452517271042,0.23641665279865265,0.33975571393966675,-0.05059367045760155,0.2801577150821686,0.3249559998512268,-0.053786300122737885,0.3122832179069519,0.3400058150291443,-0.05152628570795059
C,0.0799865871667862,0.6126161813735962,3.0528983074873395e-07,0.17665378749370575,0.5840832591056824,0.022084519267082214,0.24601925909519196,0.5381306409835815,0.01254934724420309,0.30003294348716736,0.5285441875457764,-0.007032531313598156,0.35085755586624146,0.5293595194816589,-0.026411814615130424,0.20175796747207642,0.3695102334022522,-0.0054319147020578384,0.29585111141204834,0.30284571647644043,-0.03797495365142822,0.35577520728111267,0.33757972717285156,-0.059571508318185806,0.38989385962486267,0.38743001222610474,-0.06983768939971924,0.18685570359230042,0.37591585516929626,-0.034863654524087906,0.29851630330085754,0.3019767999649048,-0.06281784176826477,0.3665063977241516,0.3405255377292633,-0.07511089742183685,0.3978368937969208,0.3933250308036804,-0.07964695245027542,0.18231841921806335,0.406537264585495,-0.06365638226270676,0.28418129682540894,0.3359972834587097,-0.08534365147352219,0.3510909378528595,0.36525946855545044,-0.08573974668979645,0.38462644815444946,0.4108595550060272,-0.08205084502696991,0.1891021430492401,0.45409220457077026,-0.09130825102329254,0.26236000657081604,0.39891573786735535,-0.10737349092960358,0.31565943360328674,0.3903037905693054,-0.1077846884727478,0.3511277139186859,0.39905887842178345,-0.10466210544109344
C,0.10612605512142181,0.5750508308410645,2.595646151348774e-07,0.20695504546165466,0.5580275654792786,0.023727405816316605,0.2773143947124481,0.5253843069076538,0.015163624659180641,0.33057597279548645,0.5230690240859985,-0.00510662654414773,0.3797505795955658,0.5298409461975098,-0.02517625503242016,0.2427520900964737,0.34873339533805847,0.00602324353531003,0.3339121639728546,0.28141266107559204,-0.025559887290000916,0.3885113596916199,0.3276997208595276,-0.049626223742961884,0.41295963525772095,0.3835577368736267,-0.062104832381010056,0.225792795419693,0.3492899537086487,-0.025425288826227188,0.33914998173713684,0.28047001361846924,-0.05538536235690117,0.4008534550666809,0.3363647758960724,-0.0744113028049469,0.4200058877468109,0.39779120683670044,-0.08353524655103683,0.21922588348388672,0.37253862619400024,-0.05660879984498024,0.32035714387893677,0.30568355321884155,-0.077411949634552,0.3820435702800751,0.350491464138031,-0.0828033909201622,0.4059905409812927,0.40526169538497925,-0.08300977200269699,0.2217862606048584,0.41348618268966675,-0.08695987612009048,0.29343441128730774,0.3612460494041443,-0.1004578024148941,0.34678971767425537,0.36563682556152344,-0.10215632617473602,0.37960532307624817,0.3854171335697174,-0.10093250870704651
C,0.15247511863708496,0.5838670134544373,1.8878719743042893e-07,0.24007993936538696,0.5516949892044067,0.030487025156617165,0.3007068932056427,0.512425422668457,0.03238065540790558,0.34918755292892456,0.5017920136451721,0.019478026777505875,0.3939111828804016,0.48612791299819946,0.006537803914397955,0.26270657777786255,0.33007311820983887,0.043579522520303726,0.28035902976989746,0.22345247864723206,0.02323773130774498,0.32538965344429016,0.22019405663013458,0.00737970182672143,0.3584362864494324,0.2515318691730499,0.0016612738836556673,0.2454378604888916,0.3270443081855774,0.009206626564264297,0.2634217441082001,0.19321200251579285,-0.012682020664215088,0.3228164315223694,0.1924901306629181,-0.02435457520186901,0.3554704785346985,0.24042850732803345,-0.024578681215643883,0.23217134177684784,0.33620330691337585,-0.027812659740447998,0.251596599817276,0.20126017928123474,-0.047301534563302994,0.3134150803089142,0.199292853474617,-0.04956108331680298,0.3522959053516388,0.23752431571483612,-0.043280016630887985,0.22773678600788116,0.35973337292671204,-0.06418248265981674,0.24932768940925598,0.2608200013637543,-0.0834050178527832,0.2954244911670685,0.23723436892032623,-0.08728564530611038,0.33317768573760986,0.24612973630428314,-0.08282843232154846
C,0.17096400260925293,0.5969862341880798,6.022702336849761e-08,0.2545160949230194,0.5506613254547119,0.02877120114862919,0.30927586555480957,0.49637359380722046,0.03328658267855644,0.35351547598838806,0.47138768434524536,0.02411438524723053,0.39044079184532166,0.44189661741256714,0.015158568508923054,0.2629040777683258,0.31908902525901794,0.046308159828186035,0.26517200469970703,0.21045973896980286,0.027156686410307884,0.30356520414352417,0.20094068348407745,0.01016600988805294,0.3324160575866699,0.22935552895069122,0.0034395463299006224,0.24331505596637726,0.3149641752243042,0.013197953812777996,0.24020841717720032,0.1803230196237564,-0.008886987343430519,0.2923915982246399,0.17281244695186615,-0.025007247924804688,0.3230341076850891,0.21919959783554077,-0.02907773107290268,0.22432538866996765,0.32295483350753784,-0.022745279595255852,0.22062760591506958,0.18860802054405212,-0.04170683026313782,0.2751219868659973,0.17827200889587402,-0.04817824065685272,0.31395211815834045,0.21283313632011414,-0.04590986296534538,0.21125811338424683,0.34506452083587646,-0.05809424817562103,0.21353232860565186,0.24214263260364532,-0.0759911984205246,0.2497452199459076,0.20461483299732208,-0.08123873174190521,0.28401878476142883,0.20223066210746765,-0.07931925356388092
C,0.18446806073188782,0.6177363395690918,1.5039199752209242e-07,0.266244113445282,0.5826416611671448,0.026060912758111954,0.32083064317703247,0.5398436188697815,0.029327305033802986,0.35998642444610596,0.5195541977882385,0.02004181034862995,0.3817434310913086,0.4768950343132019,0.01085889246314764,0.2831251323223114,0.35655641555786133,0.04200506582856178,0.2929256856441498,0.2537546157836914,0.022544706240296364,0.33050811290740967,0.23263314366340637,0.005551798734813929,0.3619515895843506,0.2473709136247635,-0.0013698362745344639,0.26498210430145264,0.3493201732635498,0.011018667370080948,0.26892009377479553,0.21310625970363617,-0.011107232421636581,0.3206074833869934,0.19221368432044983,-0.02626788057386875,0.35459911823272705,0.2263096421957016,-0.02975548803806305,0.24650296568870544,0.35583293437957764,-0.02276005409657955,0.24719300866127014,0.2193906605243683,-0.04121727868914604,0.3015746772289276,0.19605544209480286,-0.04816965386271477,0.34299135208129883,0.21792270243167877,-0.046466514468193054,0.23305700719356537,0.37932100892066956,-0.05596916377544403,0.23885972797870636,0.2741750478744507,-0.07326217740774155,0.27771198749542236,0.2334226816892624,-0.0787452831864357,0.31587183475494385,0.22720405459403992,-0.07703454792499542
C,0.17885145545005798,0.6425971984863281,1.566496337090939e-07,0.268373966217041,0.6197998523712158,0.01726943999528885,0.333387166261673,0.5814298987388611,0.01192566379904747,0.3781588673591614,0.5641061067581177,-0.005201049614697695,0.40714991092681885,0.5256255865097046,-0.022756479680538177,0.31056758761405945,0.396133154630661,0.015432419255375862,0.33630263805389404,0.2845965027809143,-0.013921837322413921,0.38098716735839844,0.2972958981990814,-0.03717458248138428,0.41260623931884766,0.34049391746520996,-0.04845631122589111,0.288897842168808,0.3905286192893982,-0.01518847607076168,0.3159354627132416,0.2498043328523636,-0.04274469614028931,0.37606218457221985,0.2596461772918701,-0.06358922272920609,0.4088359475135803,0.3087661862373352,-0.07365301996469498,0.2662779688835144,0.3989737331867218,-0.04799112305045128,0.29162877798080444,0.263592392206192,-0.07038664817810059,0.35414186120033264,0.2726724147796631,-0.08103074878454208,0.39244651794433594,0.31636691093444824,-0.0839027613401413,0.247854083776474,0.4247821569442749,-0.08083358407020569,0.27437496185302734,0.32461991906166077,-0.10112885385751724,0.3234138488769531,0.30405616760253906,-0.1094299852848053,0.3621944189071655,0.31530195474624634,-0.11138846725225449
C,0.18276217579841614,0.6180319786071777,1.3759213857156283e-07,0.2751382291316986,0.6152458786964417,0.02085401490330696,0.34639808535575867,0.5920314788818359,0.014522727578878403,0.3956664502620697,0.5895791053771973,-0.004807292949408293,0.4395085573196411,0.5655319690704346,-0.02445347048342228,0.35200071334838867,0.4176293611526489,0.013859356753528118,0.4036180377006531,0.30711686611175537,-0.01718936674296856,0.44917285442352295,0.34838053584098816,-0.04142305627465248,0.46992748975753784,0.4051191210746765,-0.053790587931871414,0.3338986039161682,0.40925079584121704,-0.019837496802210808,0.39603739976882935,0.27935659885406494,-0.047894883900880814,0.4545823633670807,0.3280011713504791,-0.06945208460092545,0.4717772901058197,0.3896571397781372,-0.08093494176864624,0.3131900131702423,0.412834107875824,-0.055230267345905304,0.3715185821056366,0.29136478900909424,-0.07713285088539124,0.4335164725780487,0.33489733934402466,-0.08738879859447479,0.4578407406806946,0.3935949504375458,-0.09108731150627136,0.2944868803024292,0.4348932206630707,-0.09036281704902649,0.3448145389556885,0.35040557384490967,-0.11068888008594513,0.3999010920524597,0.3619323968887329,-0.11850747466087341,0.43160343170166016,0.39592570066452026,-0.12080667912960052
C,0.2126186490058899,0.6076158285140991,3.077067844969861e-07,0.29931753873825073,0.6065613031387329,-0.004900676663964987,0.3736359477043152,0.5796883702278137,-0.017499836161732674,0.4256284832954407,0.5648198127746582,-0.03706709295511246,0.4585009813308716,0.5287638306617737,-0.05578536540269852,0.36948856711387634,0.38203924894332886,-0.004474801477044821,0.40213218331336975,0.26700133085250854,-0.040277935564517975,0.4439319372177124,0.2841966152191162,-0.0675564631819725,0.46884429454803467,0.33345431089401245,-0.07993412017822266,0.3442234694957733,0.36658257246017456,-0.02351403795182705,0.38393160700798035,0.22764746844768524,-0.05788450315594673,0.4398731291294098,0.2501690983772278,-0.08260145038366318,0.46563175320625305,0.3101767301559448,-0.09338820725679398,0.3145367503166199,0.36490580439567566,-0.046003445982933044,0.3505360186100006,0.23991426825523376,-0.07401393353939056,0.4120510220527649,0.2622227668762207,-0.08848899602890015,0.4474341869354248,0.3164408206939697,-0.09186556190252304,0.28090229630470276,0.3802712857723236,-0.07017801702022552,0.3111337423324585,0.2805282771587372,-0.0929318219423294,0.36232584714889526,0.26948773860931396,-0.10274262726306915,0.40193402767181396,0.2930503487586975,-0.1044531986117363
C,0.15621300041675568,0.6108409762382507,3.515807804888027e-07,0.23558694124221802,0.5977635979652405,-0.0038797506131231785,0.30307719111442566,0.562789261341095,-0.012475712224841118,0.3525078296661377,0.5417492985725403,-0.026895109564065933,0.3915766179561615,0.509848415851593,-0.040914006531238556,0.2821506857872009,0.3797721862792969,0.008007139898836613,0.3055732846260071,0.2784563899040222,-0.017583724111318588,0.345601350069046,0.26489686965942383,-0.04055747017264366,0.37929776310920715,0.2792259454727173,-0.05275340750813484,0.25830745697021484,0.36543476581573486,-0.0075216637924313545,0.28579533100128174,0.24379625916481018,-0.03328663483262062,0.3361121416091919,0.23600582778453827,-0.0550607368350029,0.3719554841518402,0.26858091354370117,-0.06605934351682663,0.23208552598953247,0.3639906346797943,-0.026699230074882507,0.25770631432533264,0.24606937170028687,-0.04931560158729553,0.3099227249622345,0.23673444986343384,-0.06473738700151443,0.35049688816070557,0.26446640491485596,-0.07067129015922546,0.20514816045761108,0.37612706422805786,-0.0472225584089756,0.2282916158437729,0.2836070656776428,-0.06581737846136093,0.27044105529785156,0.25868433713912964,-0.0744832307100296,0.309736967086792,0.26857447624206543,-0.07675046473741531
C,0.13962188363075256,0.5881596207618713,3.6049874552190886e-07,0.22620733082294464,0.5638006925582886,0.015063944272696972,0.29333269596099854,0.5216289758682251,0.007447151932865381,0.3438107669353485,0.5034282207489014,-0.01131969504058361,0.39121776819229126,0.47911348938941956,-0.029394084587693214,0.2629531919956207,0.3436830937862396,0.014014910906553268,0.30105552077293396,0.23326237499713898,-0.01612308993935585,0.3549191951751709,0.23779511451721191,-0.038811322301626205,0.3944486379623413,0.2711060047149658,-0.049778684973716736,0.24225202202796936,0.3392232656478882,-0.014414258301258087,0.2886747717857361,0.20736941695213318,-0.0437459722161293,0.3557804822921753,0.22101053595542908,-0.0621388740837574,0.394506573677063,0.26882943511009216,-0.06921172142028809,0.22693198919296265,0.35003119707107544,-0.04513362795114517,0.27367427945137024,0.22290146350860596,-0.06836801022291183,0.3402582108974457,0.23408068716526031,-0.07595515996217728,0.3815440833568573,0.27618640661239624,-0.07573220133781433,0.2192104458808899,0.37760668992996216,-0.0760805606842041,0.2609611451625824,0.2868749499320984,-0.09403461217880249,0.31197503209114075,0.27524709701538086,-0.09832427650690079,0.3493587076663971,0.2929108142852783,-0.09668193757534027
C,0.1530042290687561,0.5905811190605164,2.564185592746071e-07,0.2429468035697937,0.5682879686355591,0.01481409277766943,0.31250646710395813,0.527001142501831,0.008398198522627354,0.362551212310791,0.5072439312934875,-0.008686509914696217,0.404254674911499,0.4763266444206238,-0.02634919248521328,0.297055721282959,0.35263440012931824,0.011319329962134361,0.3291901648044586,0.24200965464115143,-0.019015062600374222,0.37719056010246277,0.24447938799858093,-0.043086711317300797,0.4135206937789917,0.27491244673728943,-0.05579598620533943,0.27507492899894714,0.3464050889015198,-0.017635654658079147,0.31415048241615295,0.2059035301208496,-0.04640984907746315,0.37577393651008606,0.21418777108192444,-0.06779547780752182,0.41087621450424194,0.25716492533683777,-0.07873887568712234,0.2522282004356384,0.35448524355888367,-0.04866674914956093,0.2874501347541809,0.22257393598556519,-0.07250352948904037,0.35106855630874634,0.23262137174606323,-0.08411706238985062,0.39129993319511414,0.2726622521877289,-0.08832265436649323,0.23233720660209656,0.3796032965183258,-0.07960178703069687,0.264026403427124,0.2861798405647278,-0.09957687556743622,0.3153516352176666,0.27403223514556885,-0.10717139393091202,0.35561686754226685,0.28995612263679504,-0.10934580862522125
C,0.18446311354637146,0.5892351865768433,3.792566189986246e-07,0.27083685994148254,0.5866329073905945,-0.012174125760793686,0.3454773426055908,0.5662007927894592,-0.029657032340765,0.39506927132606506,0.5524589419364929,-0.05220727249979973,0.42407625913619995,0.5035646557807922,-0.07503962516784668,0.3411465883255005,0.37116608023643494,-0.017000719904899597,0.3820485770702362,0.265471875667572,-0.05454574525356293,0.4233751595020294,0.27092987298965454,-0.08402273803949356,0.45378896594047546,0.30475324392318726,-0.09908100217580795,0.3124372661113739,0.3518211245536804,-0.03313714638352394,0.3583230674266815,0.21516649425029755,-0.06671405583620071,0.41195765137672424,0.22463491559028625,-0.0934760645031929,0.444172739982605,0.27227622270584106,-0.10810628533363342,0.27859431505203247,0.3500351905822754,-0.052555833011865616,0.31742316484451294,0.22711122035980225,-0.08100046217441559,0.3738475739955902,0.24005888402462006,-0.09883259236812592,0.41088318824768066,0.2859037518501282,-0.10657236725091934,0.24140478670597076,0.36451470851898193,-0.0738002210855484,0.2719919681549072,0.2676916718482971,-0.09818112850189209,0.3212427496910095,0.2563333213329315,-0.1098184660077095,0.36188387870788574,0.27903616428375244,-0.11412683129310608
B,0.2575378715991974,0.401315301656723,-3.521698204167478e-07,0.32756608724594116,0.4300782084465027,-0.016257431358098984,0.39783886075019836,0.43615323305130005,-0.03295857831835747,0.44539138674736023,0.43786534667015076,-0.05202803760766983,0.47938406467437744,0.4092109203338623,-0.0654439628124237,0.46188199520111084,0.2801680564880371,-0.008996287360787392,0.5127761363983154,0.31002315878868103,-0.03940873593091965,0.4741674065589905,0.37412455677986145,-0.056973300874233246,0.4417979121208191,0.38654327392578125,-0.06549135595560074,0.4370531737804413,0.24136993288993835,-0.018056999891996384,0.4863751232624054,0.28354692459106445,-0.046480607241392136,0.4450605511665344,0.3641589879989624,-0.05421893671154976,0.4145143926143646,0.3741084635257721,-0.05493035539984703,0.39949455857276917,0.21639138460159302,-0.03132015839219093,0.45160147547721863,0.2519318461418152,-0.061609912663698196,0.4188396632671356,0.33492380380630493,-0.05286119505763054,0.3894100785255432,0.3490666151046753,-0.0409046970307827,0.3505282402038574,0.20726314187049866,-0.046050913631916046,0.3968557119369507,0.24819183349609375,-0.06813699007034302,0.3833238184452057,0.31402549147605896,-0.05857149884104729,0.36269256472587585,0.33090731501579285,-0.045853450894355774
B,0.26954132318496704,0.4180721342563629,-3.5771179796029173e-07,0.3370627462863922,0.44506633281707764,-0.02194158546626568,0.40822577476501465,0.4453257918357849,-0.0392216332256794,0.4570580720901489,0.4281308054924011,-0.05819413810968399,0.48065316677093506,0.3735646605491638,-0.07242123037576675,0.46718406677246094,0.31775087118148804,-0.017105545848608017,0.522771954536438,0.298969566822052,-0.052247125655412674,0.4824984073638916,0.36199504137039185,-0.07201070338487625,0.4456578493118286,0.3871193528175354,-0.07930164784193039,0.43946895003318787,0.2792428731918335,-0.022393720224499702,0.49242761731147766,0.2634316086769104,-0.05614786595106125,0.4448094069957733,0.34348931908607483,-0.06613728404045105,0.40803244709968567,0.36627325415611267,-0.06627078354358673,0.4011704921722412,0.2451615333557129,-0.032297804951667786,0.45796775817871094,0.2187272310256958,-0.06564818322658539,0.4209246337413788,0.30305659770965576,-0.056875862181186676,0.38748762011528015,0.3326621651649475,-0.04309186711907387,0.3515457510948181,0.216363787651062,-0.04382336139678955,0.401233047246933,0.20393601059913635,-0.067728191614151,0.3880223035812378,0.2708168923854828,-0.05755767971277237,0.36702778935432434,0.3033497631549835,-0.043633028864860535
B,0.2772448658943176,0.44447433948516846,-3.740235001714609e-07,0.35518601536750793,0.4544782042503357,-0.019939104095101357,0.4251445531845093,0.4359680414199829,-0.03584682568907738,0.4746202230453491,0.4019606411457062,-0.05460231378674507,0.4972817897796631,0.33731213212013245,-0.06902473419904709,0.4600405991077423,0.3017708361148834,-0.011629614979028702,0.5180794596672058,0.26981791853904724,-0.04577796906232834,0.4835243225097656,0.3395273983478546,-0.06584455817937851,0.44769737124443054,0.3670889735221863,-0.07357744127511978,0.4314396381378174,0.2710954546928406,-0.01813683658838272,0.48929470777511597,0.23891624808311462,-0.05025903508067131,0.450489342212677,0.32469892501831055,-0.060976069420576096,0.4128623604774475,0.3546985983848572,-0.06151428073644638,0.39310741424560547,0.24437248706817627,-0.029329931363463402,0.45153728127479553,0.20234641432762146,-0.062164556235075,0.423807829618454,0.29302772879600525,-0.053704552352428436,0.3903951942920685,0.33303868770599365,-0.039549726992845535,0.34316694736480713,0.2238149642944336,-0.04207418113946915,0.39555248618125916,0.19415196776390076,-0.06674579530954361,0.39102548360824585,0.2647930681705475,-0.056436218321323395,0.3711338937282562,0.3072700798511505,-0.04172848165035248
B,0.21798846125602722,0.5731094479560852,-3.364807241723611e-07,0.319745272397995,0.510111927986145,0.0210723876953125,0.3711659014225006,0.4432229697704315,0.011063678190112114,0.42354893684387207,0.40398916602134705,-0.009758860804140568,0.47067657113075256,0.3792717754840851,-0.026654884219169617,0.30090317130088806,0.28002431988716125,0.0032276909332722425,0.4217292368412018,0.27131688594818115,-0.023421479389071465,0.424060195684433,0.3445110321044922,-0.04114820808172226,0.3912732005119324,0.37416234612464905,-0.05236407741904259,0.2854970693588257,0.29642370343208313,-0.026150718331336975,0.42917323112487793,0.29352355003356934,-0.04552943632006645,0.42850399017333984,0.3707699775695801,-0.04604598507285118,0.39176279306411743,0.39385879039764404,-0.04698062315583229,0.2845724821090698,0.33767372369766235,-0.05604611337184906,0.42030197381973267,0.3358961343765259,-0.06870510429143906,0.41973450779914856,0.40567415952682495,-0.05220920965075493,0.38146480917930603,0.426436185836792,-0.04221585765480995,0.2937813699245453,0.3924317955970764,-0.08581565320491791,0.40543949604034424,0.3889060914516449,-0.08687086403369904,0.40682560205459595,0.4388645589351654,-0.06920384615659714,0.37565332651138306,0.4606871008872986,-0.05830550566315651
